{"fold_0/test_loss":0.14301365164091,"_runtime":196,"_step":249,"fold_1/test_loss":0.13588300347328186,"fold_4/epoch":50,"fold_0/test_spearman":0.27121311300245465,"fold_1/epoch":50,"fold_1/train_spearman":0.5509323813551195,"fold_3/test_spearman":0.3317004456783628,"fold_0/epoch":50,"fold_1/train_loss":0.06728638416713047,"fold_3/train_loss":0.05894745903258974,"fold_2/test_loss":0.07913091530402501,"fold_1/test_spearman":0.21693222616824354,"fold_3/test_loss":0.24536255137486893,"fold_0/train_loss":0.08349719099582188,"best_test_spearman":0.5200908248005937,"fold_4/test_loss":0.16904492524205422,"fold_0/train_spearman":0.549913543362836,"fold_2/test_spearman":0.45057960040227585,"fold_2/train_loss":0.08362650149261829,"fold_2/epoch":50,"fold_4/test_spearman":0.4173788822592815,"fold_3/epoch":50,"_wandb":{"runtime":196},"fold_3/train_spearman":0.5967956205052375,"_timestamp":1.765334700567991e+09,"fold_4/train_loss":0.05746840093033919,"fold_4/train_spearman":0.639887820950085,"fold_2/train_spearman":0.5286624239121627}