{"_runtime":236,"fold_4/epoch":50,"fold_2/epoch":50,"fold_3/epoch":50,"fold_0/epoch":50,"_timestamp":1.765335661541999e+09,"fold_3/test_spearman":0.3202819432984447,"fold_3/test_loss":0.39476005597548053,"best_test_spearman":0.40283695298741173,"fold_3/train_loss":0.15222841260409115,"fold_1/train_loss":0.1523343267821774,"fold_3/train_spearman":0.3704165513216764,"fold_2/test_loss":0.18060015638669333,"fold_1/test_spearman":0.00532015970082279,"_wandb":{"runtime":236},"fold_1/test_loss":0.270409236351649,"fold_2/train_spearman":0.2952629189918096,"fold_0/train_loss":0.2183023117995136,"fold_0/test_loss":0.28668329625759487,"fold_4/train_loss":0.20161821002169594,"fold_0/test_spearman":0.11747863169905583,"_step":249,"fold_4/train_spearman":0.2712698944168761,"fold_1/epoch":50,"fold_4/test_loss":0.45049700140953064,"fold_1/train_spearman":0.4852669436461336,"fold_4/test_spearman":0.05306528576401623,"fold_0/train_spearman":0.33609644525077315,"fold_2/train_loss":0.1881937810133413,"fold_2/test_spearman":0.09620762163065824}