{"_step":249,"fold_4/test_loss":0.5485642260434677,"fold_4/epoch":50,"_timestamp":1.765335210932513e+09,"fold_3/train_spearman":0.4010511466522343,"_runtime":232,"fold_1/train_spearman":0.17702843823001824,"fold_3/epoch":50,"fold_1/test_loss":0.38346291581789654,"_wandb":{"runtime":232},"fold_2/epoch":50,"fold_1/epoch":50,"fold_3/test_spearman":0.3109779783962892,"fold_1/train_loss":0.16892503169437237,"fold_2/test_loss":0.3043513894081116,"fold_0/train_spearman":0.5572896421998981,"fold_4/train_loss":0.10434218399574102,"best_test_spearman":0.36043574868943334,"fold_0/test_spearman":0.04936280302081852,"fold_4/train_spearman":0.36523749671179795,"fold_2/train_spearman":0.38221193719634,"fold_1/test_spearman":0.023723569278158763,"fold_0/test_loss":0.36473453522853133,"fold_2/train_loss":0.11486022635219023,"fold_3/train_loss":0.10127118154607638,"fold_0/epoch":50,"fold_2/test_spearman":0.12427722681296655,"fold_4/test_spearman":0.26297931041128814,"fold_0/train_loss":0.0852493051262129,"fold_3/test_loss":0.36788213523951446}