{"_runtime":156,"fold_0/test_loss":0.14921622582763996,"_timestamp":1.7653344321473331e+09,"_step":11,"_wandb":{"runtime":156},"fold_0/train_spearman":0.41902534053840684,"fold_0/epoch":12,"fold_0/test_spearman":0.1989030592309452,"fold_0/train_loss":0.13976574239749756}