{"test_spearman":0.08957411741181226,"_wandb":{"runtime":60},"train_loss":0.20756538012593062,"_step":9,"train_spearman":0.27838572294785546,"test_loss":0.2082140992085139,"_timestamp":1.765332656732376e+09,"_runtime":60,"epoch":10}