{"fold_3/epoch":50,"fold_2/epoch":50,"_runtime":311,"fold_2/test_spearman":0.4082308730479229,"fold_2/train_loss":0.056965666487044896,"_step":249,"fold_1/epoch":50,"_wandb":{"runtime":311},"fold_2/train_spearman":0.6377721456761328,"fold_3/test_spearman":0.4370044120709412,"fold_4/train_spearman":0.639848591270676,"fold_3/train_loss":0.04902815209193663,"fold_1/test_loss":0.07042625918984413,"fold_4/epoch":50,"best_test_spearman":0.4093680650814444,"fold_4/test_spearman":0.31308518600769575,"fold_0/epoch":50,"_timestamp":1.7653340823255801e+09,"fold_4/test_loss":0.18214933004002182,"fold_3/test_loss":0.19347467815334146,"fold_3/train_spearman":0.6533610132206948,"fold_4/train_loss":0.055966571513852925,"fold_1/test_spearman":0.4612795609988902,"fold_2/test_loss":0.07214225083589554,"fold_0/train_loss":0.04520650155763462,"fold_1/train_spearman":0.5912182284740212,"fold_1/train_loss":0.06709358320792311,"fold_0/test_loss":0.0906917542078585,"fold_0/train_spearman":0.6855372389699942,"fold_0/test_spearman":0.23277949267660492}